request,status,instance_id,latency_ms,error
0,200,883c1bb68d7b,19.83469999868248,
8,200,883c1bb68d7b,32.850800000232994,
1,200,883c1bb68d7b,42.41799999908835,
2,200,883c1bb68d7b,46.0839000006672,
3,200,883c1bb68d7b,48.543099999733386,
5,200,883c1bb68d7b,52.346300000863266,
7,200,883c1bb68d7b,207.44089999971038,
4,200,883c1bb68d7b,250.46090000068943,
6,200,883c1bb68d7b,330.0957000010385,
15,200,883c1bb68d7b,327.03310000033525,
22,200,883c1bb68d7b,291.94620000089344,
20,200,883c1bb68d7b,320.53300000006857,
17,200,883c1bb68d7b,331.8985999994766,
24,200,883c1bb68d7b,294.4305000000895,
10,200,883c1bb68d7b,340.19140000054904,
25,200,883c1bb68d7b,290.38519999994605,
26,200,883c1bb68d7b,134.97199999983422,
9,200,883c1bb68d7b,348.53880000082427,
16,200,883c1bb68d7b,345.4908000003343,
11,200,883c1bb68d7b,356.51380000126665,
12,200,883c1bb68d7b,356.5739999994548,
13,200,883c1bb68d7b,356.5524000005098,
14,200,883c1bb68d7b,356.63059999933466,
23,200,883c1bb68d7b,315.95869999910065,
19,200,883c1bb68d7b,355.02850000011676,
21,200,883c1bb68d7b,331.38490000055754,
28,200,883c1bb68d7b,43.80229999878793,
18,200,883c1bb68d7b,367.48330000045826,
27,200,883c1bb68d7b,125.3714000013133,
29,200,883c1bb68d7b,42.63610000089102,
30,200,883c1bb68d7b,40.83819999868865,
31,200,883c1bb68d7b,43.9224000001559,
33,200,883c1bb68d7b,38.98520000075223,
37,200,883c1bb68d7b,35.71580000061658,
39,200,883c1bb68d7b,31.4699999998993,
32,200,883c1bb68d7b,59.64510000012524,
41,200,883c1bb68d7b,43.23360000125831,
34,200,883c1bb68d7b,65.51299999955518,
36,200,883c1bb68d7b,68.56540000080713,
44,200,883c1bb68d7b,47.63509999975213,
50,200,883c1bb68d7b,40.559099999882164,
55,200,883c1bb68d7b,26.893300000665477,
40,200,883c1bb68d7b,68.65769999967597,
53,200,883c1bb68d7b,50.76519999965967,
58,200,883c1bb68d7b,25.652500000433065,
38,200,883c1bb68d7b,90.92880000025616,
49,200,883c1bb68d7b,70.04679999954533,
60,200,883c1bb68d7b,27.622699999483302,
61,200,883c1bb68d7b,27.331899998898734,
51,200,883c1bb68d7b,74.79070000044885,
59,200,883c1bb68d7b,48.24979999830248,
47,200,883c1bb68d7b,94.14529999958177,
46,200,883c1bb68d7b,96.00320000026841,
52,200,883c1bb68d7b,96.41960000044492,
62,200,883c1bb68d7b,45.31870000027993,
69,200,883c1bb68d7b,29.282299999977113,
57,200,883c1bb68d7b,81.86799999930372,
42,200,883c1bb68d7b,129.86649999947986,
71,200,883c1bb68d7b,27.02540000063891,
48,200,883c1bb68d7b,127.35560000146506,
66,200,883c1bb68d7b,60.88819999968109,
67,200,883c1bb68d7b,64.2530999994051,
64,200,883c1bb68d7b,81.3639999996667,
56,200,883c1bb68d7b,117.36620000010589,
79,200,883c1bb68d7b,27.640600001177518,
43,200,883c1bb68d7b,174.39290000038454,
45,200,883c1bb68d7b,169.84469999988505,
81,200,883c1bb68d7b,26.434700001118472,
75,200,883c1bb68d7b,55.15240000022459,
82,200,883c1bb68d7b,26.541199998973752,
77,200,883c1bb68d7b,61.53479999920819,
35,200,883c1bb68d7b,215.4406999998173,
74,200,883c1bb68d7b,81.85750000120606,
65,200,883c1bb68d7b,127.64079999942624,
54,200,883c1bb68d7b,177.8030999994371,
89,200,883c1bb68d7b,24.413600000116276,
73,200,883c1bb68d7b,104.02329999851645,
78,200,883c1bb68d7b,84.63780000056431,
92,200,883c1bb68d7b,25.24220000123023,
70,200,883c1bb68d7b,128.87330000012298,
80,200,883c1bb68d7b,83.99120000103721,
85,200,883c1bb68d7b,62.50720000025467,
63,200,883c1bb68d7b,167.63999999966472,
86,200,883c1bb68d7b,66.25139999960084,
87,200,883c1bb68d7b,63.2313999994949,
90,200,883c1bb68d7b,56.6343999998935,
91,200,883c1bb68d7b,63.11049999931129,
88,200,883c1bb68d7b,78.65119999951276,
96,200,883c1bb68d7b,39.00360000079672,
84,200,883c1bb68d7b,95.41970000100264,
83,200,883c1bb68d7b,105.93920000064827,
68,200,883c1bb68d7b,179.7353000001749,
98,200,883c1bb68d7b,44.40799999974843,
72,200,883c1bb68d7b,169.17869999997492,
99,200,883c1bb68d7b,48.05149999992864,
76,200,883c1bb68d7b,153.84880000056,
94,200,883c1bb68d7b,74.88320000084059,
97,200,883c1bb68d7b,61.874700000771554,
93,200,883c1bb68d7b,80.79560000078345,
95,200,883c1bb68d7b,71.15880000128527,
