scenario,environment,instances,cache_mode,vus,throughput_rps,avg_ms,p50_ms,p95_ms,p99_ms,error_rate_percent
read,baseline,1,disabled,10,83.3211,20.3718,11.8709,40.5427,183.0373,0
read,baseline,1,disabled,50,174.7327,186.8359,132.9268,389.0757,1680.8363,0
read,baseline,1,disabled,100,163.7849,489.0188,215.7039,2629.3448,3002.6609,3.6178
read,baseline,1,disabled,200,60.6399,2316.7913,3000.7090,3009.7725,3011.3744,61.0633
read,baseline,1,warm,10,85.1505,17.8374,11.5774,21.3605,248.5754,0
read,baseline,1,warm,50,195.2569,156.2678,96.6460,315.6973,1704.9010,0
read,baseline,1,warm,100,201.3636,380.9814,184.6257,1838.6078,3009.2503,2.6290
read,baseline,1,warm,200,59.8794,2528.0457,3000.9275,3006.8497,3009.8583,66.5175
write,baseline,1,disabled,10,44.3058,27.2582,15.1860,49.0197,372.5495,0
write,baseline,1,disabled,50,99.6559,298.7222,268.1455,548.0770,2113.5453,0
write,baseline,1,disabled,100,106.1343,708.4940,353.5721,3001.0755,3010.8115,7.0431
write,baseline,1,disabled,200,66.5486,2295.9637,3000.8120,3008.9349,3014.4665,61.0700
workflow,baseline,1,disabled,10,115.9523,32.6848,9.6503,29.6608,513.8058,0.1658
workflow,baseline,1,disabled,50,191.9789,207.3830,137.7090,493.0270,1662.2330,0
workflow,baseline,1,disabled,100,152.7941,566.6595,262.5669,2671.4317,3004.1271,4.1581
workflow,baseline,1,disabled,200,70.1603,2148.8471,3000.3619,3005.5298,3008.3939,53.9528
